id,outbreak,full_loc,place,continent,updates,date
1, Antimicrobial therapy , Indonesia (Asia), Indonesia ,Asia,5,2022-05-18
2, Rabies , USA (North America), USA ,North America,20,2022-05-18
3, Lloviu virus , Hungary (Europe), Hungary ,Europe,1,2022-05-18
4, Avian influenza , USA (North America), USA ,North America,121,2022-05-18
5, Poliomyelitis update , Mozambique (Africa), Mozambique ,Africa,19,2022-05-18
6, Rabies , Nepal (Asia), Nepal ,Asia,21,2022-05-18
7, Monkeypox , Portugal (Europe), Portugal ,Europe,14,2022-05-18
8, Dengue , Brazil (South America), Brazil ,South America,17,2022-05-18
9, Monkeypox , Spain (Europe), Spain ,Europe,3,2022-05-19
10, Antimicrobial stewardship , USA (North America), USA ,North America,47,2022-05-19
11," Hand, foot and mouth disease ", Malaysia (Asia), Malaysia ,Asia,1,2022-05-19
12, Estrogen Treatment , North Korea (Asia), North Korea ,Asia,121,2022-05-19
13, Monkeypox ,Spain (Europe),Spain ,Europe,8,2022-05-19
14, Monkeypox , Portugal (Europe), Portugal ,Europe,20,2022-05-19
15, Monkeypox , USA (North America), USA ,North America,1,2022-05-19
16, Antimicrobial stewardship , Lebanon (Asia), Lebanon ,Asia,48,2022-05-19
17, Dengue , India (Asia), India ,Asia,12,2022-05-19
18, Leishmaniasis , Panama (North America), Panama ,North America,1,2022-05-19
19, Hepatitis , Global,#VALUE!,#VALUE!,15,2022-05-19
20, African swine fever , Nepal (Asia), Nepal ,Asia,9,2022-05-19
21, Foot & mouth disease , Indonesia (Asia), Indonesia ,Asia,5,2022-05-19
22," Salmonellosis, Serotype Typhimurium, Monophasic ", Belgium (Europe), Belgium ,Europe,6,2022-05-19
23, Poliomyelitis, Mozambique (Africa), Mozambique ,Africa,20,2022-05-19
24, Avian influenza , Israel (Asia), Israel ,Asia,6,2022-05-20
25, African swine fever , India (Asia), India ,Asia,10,2022-05-20
26, Avian influenza , Americas (USA), Americas ,USA,122,2022-05-20
27, Avian influenza , Gabon (Africa), Gabon ,Africa,123,2022-05-20
28, Monkeypox , Africa (Africa), Africa ,Africa,55,2022-05-20
29, Poliomyelitis , Mozambique (Africa), Mozambique ,Africa,2,2022-05-20
30, Antimicrobial stewardship , Bangladesh (India), Bangladesh ,India,49,2022-05-20
31, E. Coli EHEC , Scotland (Europe), Scotland ,Europe,1,2022-05-20
32, Scrub typhus , China (Asia), China ,Asia,2,2022-05-20
33, Anthrax , Uganda (Africa), Uganda ,Africa,2,2022-05-20
34, Monkeypox , Spain (Europe), Spain ,Europe,4,2022-05-21
35, African swine fever , Nepal (Asia), Nepal ,Asia,11,2022-05-21
36, Crimean-Congo Hemorrhagic Fever , Iraq (Asia), Iraq ,Asia,4,2022-05-21
37, Crimean-Congo Hemorrhagic Fever , Turkey (Europe), Turkey ,Europe,3,2022-05-21
38, Poliomyelitis , Mozambique (Africa), Mozambique ,Africa,1,2022-05-21
39, Hepatitis , Kenya (Africa), Kenya ,Africa,1,2022-05-21
40, Hepatitis , Global,#VALUE!,#VALUE!,16,2022-05-21
41, Japanese encephalitis , Australia (Oceania), Australia ,Oceania,25,2022-05-21
42, Surveillance , South Korea (Asia), South Korea ,Asia,58,2022-05-21
43, Foodborne illness , Philippines (Asia), Philippines ,Asia,2,2022-05-21
44," Cholera, Diarrhea & Dysentery ", Africa (Africa), Africa ,Africa,18,2022-05-21
45," Salmonellosis, Serotype Senftenberg ", USA (North America), USA ,North America,14,2022-05-21
46, African Swine Fever , Philippines (Asia), Philippines ,Asia,30,2022-05-21
47, Crimean-Congo Hemorrhagic Fever , Iraq (Asia), Iraq ,Asia,10,2022-05-22
48,Poliomyelitis , Mozambique (Africa), Mozambique ,Africa,8,2022-05-22
49, Monkeypox , Israel (Asia), Israel ,Asia,2,2022-05-22
50, Antimicrobial stewardship , Italy (Europe), Italy ,Europe,50,2022-05-22
51, Mushroom Poisoning , Assam (Asia), Assam ,Asia,3,2022-05-22
52, Syphilis - Americas , Puerto Rico (North America), Puerto Rico ,North America,1,2022-05-22
53, Fish mortality ,Jordan (Asia),Jordan ,Asia,1,2022-05-22
54, Antimicrobial therapy , USA (North America), USA ,North America,6,2022-05-22
55, Monkeypox , Argentina (Europe), Argentina ,Europe,1,2022-05-23
56, Fish mortality , Jordan (Asia), Jordan ,Asia,2,2022-05-23
57, Ebola , Democratic Republic of Congo DR (Africa), Democratic Republic of Congo DR ,Africa,6,2022-05-23
58, Monkeypox , Argentina (Europe), Argentina ,Europe,2,2022-05-23
59, Legionellosis , USA (North America), USA ,North America,5,2022-05-23
60, Research & innovation , China (Asia), China ,Asia,34,2022-05-23
61, Avian influenza , Americas (USA), Americas ,USA,124,2022-05-23
62, Avian influenza , Americas (USA), Americas ,USA,125,2022-05-23
63, Ebola , Democratic Republic of Congo (Africa), Democratic Republic of Congo ,Africa,4,2022-05-23
64, Foot & mouth disease , Indonesia (Asia) , Indonesia ,Asia,4,2022-05-23
65, Monkeypox , Global,#VALUE!,#VALUE!,6,2022-05-24
66, Rabies , Bolivia (South America), Bolivia ,South America,1,2022-05-24
67, Monkeypox , Africa (Africa), Africa ,Africa,2,2022-05-24
68, Foot & mouth disease , Indonesia (Asia), Indonesia ,Asia,6,2022-05-24
69, Cholera , Pakistan (Asia), Pakistan ,Asia,2,2022-05-24
70, Monkeypox , Portugal (Europe), Portugal ,Europe,2,2022-05-24
71, Foodborne Illness , Maharashtra (Asia), Maharashtra ,Asia,15,2022-05-24
72, Hepatitis , Global,#VALUE!,#VALUE!,17,2022-05-24
73, Toxoplasmosis , New Zealand (Australia), New Zealand ,Australia,1,2022-05-24
74, Leptospirosis , Fiji (Oceania), Fiji ,Oceania,5,2022-05-24
75, Foodborne illness , Kerala (India) , Kerala ,India,9,2022-05-24
76, Gastroenteritis , Panama (North America), Panama ,North America,1,2022-05-25
77, Surveillance , China (Asia), China ,Asia,59,2022-05-25
78, Monkeypox , Morocco (Africa), Morocco ,Africa,1,2022-05-25
79, Cronobacteriosis , USA (North America), USA ,North America,1,2022-05-25
80, Anthrax , Sierra Leone (Africa), Sierra Leone ,Africa,1,2022-05-25
81, Monkeypox , Morocco (Africa), Morocco ,Africa,2,2022-05-25
82, Alcohol poisoning , Bihar (Asia), Bihar ,Asia,9,2022-05-25
83, Monkeypox , Morocco (Africa), Morocco ,Africa,3,2022-05-25
84, Foot & mouth disease , Indonesia (Asia), Indonesia ,Asia,7,2022-05-25
85, Trypanosomiasis , Uganada (Africa), Uganada ,Africa,1,2022-05-25
86, Rift Valley fever , Burundi (Africa), Burundi ,Africa,1,2022-05-26
87, Avian influenza , America (USA), America ,USA,126,2022-05-26
88, Monkeypox ,Global,#VALUE!,#VALUE!,3,2022-05-26
89, Rabies , Americas (USA), Americas ,USA,22,2022-05-26
90, Arbovirus , Hondura (North America), Hondura ,North America,1,2022-05-26
91, Foodborne illness , Gujarat (Asia), Gujarat ,Asia,16,2022-05-26
92, Foodborne illness , Hong Kong (Asia), Hong Kong ,Asia,1,2022-05-26
93, Foodborne illness , Japan (Asia), Japan ,Asia,1,2022-05-26
94, Monkeypox , Portugal (Europe), Portugal ,Europe,4,2022-05-26
95, Legionellosis , New York (USA), New York ,USA,6,2022-05-26
96, African swine fever , Malaysia (Asia) , Malaysia ,Asia,31,2022-05-26
97, Foot & mouth disease , Indonesia (Asia), Indonesia ,Asia,5,2022-05-26
98, Rift Valley fever , Burundi (Africa), Burundi ,Africa,2,2022-05-26
99, Anthrax , Uganda (Africa), Uganda ,Africa,3,2022-05-26
100, Carbon Monoxide Poisoning , Bahamas (North America) , Bahamas ,North America,2,2022-05-26
101, Bacterias hiperresistenes , Chile (South America), Chile ,South America,1,2022-05-27
102, African swine fever , Germany (Europe), Germany ,Europe,13,2022-05-27
103, Poliomyelitis , Pakistan (Asia), Pakistan ,Asia,21,2022-05-27
104, Red tide , Guatemala (North America), Guatemala ,North America,2,2022-05-27
105, Carbon Monoxide Poisoning , Bahamas (North America), Bahamas ,North America,3,2022-05-27
106, Measles , Afghanistan (Asia), Afghanistan ,Asia,12,2022-05-27
107, Japanese Encephalitis , New South Wales (Australia), New South Wales ,Australia,26,2022-05-27
108, Ebola , Democratic Republic of Congo (Africa), Democratic Republic of Congo ,Africa,7,2022-05-27
109, Blast Disease ,India (Asia),India ,Asia,1,2022-05-27
110, Stone fruit , West Bengal (Asia), West Bengal ,Asia,1,2022-05-27
111, Botulism , Texas (USA), Texas ,USA,4,2022-05-27
112, Legionellosis ,  New South Wales (Australia),  New South Wales ,Australia,1,2022-05-27
113, Monkeypox , Argentina (Europe), Argentina ,Europe,2,2022-05-27
114, Sarampo , Brazil (South America), Brazil ,South America,2,2022-05-27
115, Dengue , Sao Tome (Africa), Sao Tome ,Africa,1,2022-05-27
116, Childhood Hepatitis , Mexico (North America) , Mexico ,North America,11,2022-05-27
117, African swine fever , Moldova (Europe), Moldova ,Europe,14,2022-05-28
118, Avian influenza , Slovakia (Europe), Slovakia ,Europe,127,2022-05-28
119," Undiagnosed disease, langur ", India (Asia), India ,Asia,1,2022-05-28
120, Acute Hepatitis , Global,#VALUE!,#VALUE!,3,2022-05-28
121, Brucellosis , Algeria (Africa), Algeria ,Africa,2,2022-05-28
122, Rift Valley fever , Burundi (Africa), Burundi ,Africa,1,2022-05-28
123, Malaria , Thailand (Asia), Thailand ,Asia,11,2022-05-28
124, Meningitis , Queensland (Australia), Queensland ,Australia,3,2022-05-28
125, Hepatitis A , Canada (North America), Canada ,North America,2,2022-05-28
126, Brucellosis , New South Wales (Australia) , New South Wales ,Australia,2,2022-05-28
127,Influenza A variant , Ghana (Africa), Ghana ,Africa,6,2022-05-28
128,Food Borne Disease , Cote d'Ivoire (Africa), Cote d'Ivoire ,Africa,2,2022-05-28
129, Malaria , Kenya (Africa), Kenya ,Africa,1,2022-05-28
130, African swine fever , Philippines (Asia), Philippines ,Asia,32,2022-05-29
131, African swine fever , Philippines (Asia) , Philippines ,Asia,33,2022-05-29
132," Hand, foot & mouth disease ", India (Asia), India ,Asia,3,2022-05-29
133, Avian influenza , Canada (North America), Canada ,North America,128,2022-05-29
134, Hepatitis , Global,#VALUE!,#VALUE!,18,2022-05-29
135, Poliomyelitis , Pakistan (Asia), Pakistan ,Asia,22,2022-05-29
136, Monkeypox , Argentina (South America), Argentina ,South America,7,2022-05-29
137, Hepatitis E , Hong Kong (Asia), Hong Kong ,Asia,1,2022-05-29
138, Dengue , Bangladesh (Asia), Bangladesh ,Asia,3,2022-05-29
139, Poliomyelitis , Pakistan (Asia), Pakistan ,Asia,4,2022-05-29
140, Monkeypox , Mexico (North America), Mexico ,North America,8,2022-05-29
141, Malaria , Thailand (Asia), Thailand ,Asia,2,2022-05-29
142,Cholera , Mozambique (Africa), Mozambique ,Africa,1,2022-05-29
143,Measles , Democratic Republic of Congo (Africa), Democratic Republic of Congo ,Africa,3,2022-05-29
144,Cholera , Cameroon (Africa), Cameroon ,Africa,6,2022-05-29
145,Measles , Democratic Republic of Congo (Africa), Democratic Republic of Congo ,Africa,4,2022-05-29
146,Scorpion stings , Algeria (Africa), Algeria ,Africa,1,2022-05-29
147, Cholera , Nigeria (Africa), Nigeria ,Africa,8,2022-05-29
148, Hepatitis A , Canada (North America), Canada ,North America,1,2022-05-29
149," Cholera, diarrhea & dysentery ", Nigeria (Africa), Nigeria ,Africa,8,2022-05-29
150, Foodborne illness , Morocco (Africa), Morocco ,Africa,1,2022-05-30
151, Monkeypox , Global,#VALUE!,#VALUE!,6,2022-05-30
152, Diarrhea , Bangladesh (Asia), Bangladesh ,Asia,4,2022-05-30
153, Dengue , Sri Lanka (Asia), Sri Lanka ,Asia,7,2022-05-30
154, Crimean-Congo hemorrhagic fever , Iraq (Asia), Iraq ,Asia,11,2022-05-30
155, Monkeypox , Nigeria (Africa), Nigeria ,Africa,4,2022-05-30
156, Monkeypox , Tanzania (Africa), Tanzania ,Africa,1,2022-05-30
157, Avian influenza , Canada (North America), Canada ,North America,129,2022-05-30
158,African Swine Fever , Germany (Europe), Germany ,Europe,1,2022-05-30
159,Monkeypox , Morocco (Africa), Morocco ,Africa,2,2022-05-30
160,Monkeypox , Republic Democratic of Congo (Africa), Republic Democratic of Congo ,Africa,1,2022-05-30
161,#VALUE!, Nigeria (Africa), Nigeria ,Africa,3,2022-05-30
162, Avian influenza , France (Europe), France ,Europe,130,2022-05-31
163, Antimicrobial stewardship , Vietnam (Europe), Vietnam ,Europe,53,2022-05-31
164, Ebola , Republic Democratic of Congo (Africa), Republic Democratic of Congo ,Africa,8,2022-05-31
165, Scrub typhus , India (Asia), India ,Asia,2,2022-05-31
166," Meningitis, meningococcal ", Australia (Australia), Australia ,Australia,4,2022-05-31
167, Avian Influenza , China (Asia), China ,Asia,16,2022-05-31
168, Influenza ,Ghana (Africa),Ghana ,Africa,1,2022-05-31
169, Monkeypox , Global,#VALUE!,#VALUE!,8,2022-05-31
170, Crimean-Congo Hemorrhagic Fever , Iraq (Asia), Iraq ,Asia,5,2022-05-31
171, Childhood Hepatitis , Colombia (South America), Colombia ,South America,12,2022-05-31
172, Monkeypox , Argentina (South America), Argentina ,South America,9,2022-06-01
173, Hepatitis A , Canada (North America), Canada ,North America,1,2022-06-01
174, Chlorine Gas Exposure , Iraq: (Asia), Iraq: ,Asia,1,2022-06-01
175, Foot & mouth disease , Algeria (Africa), Algeria ,Africa,2,2022-06-01
176, Avian influenza , Canada (North America), Canada ,North America,131,2022-06-01
177, Foot & mouth disease , Algeria (Africa), Algeria ,Africa,2,2022-06-01
178, Trachoma , Togo (Africa), Togo ,Africa,1,2022-06-01
179, Research & innovation , South Korea (Asia), South Korea ,Asia,38,2022-06-01
180, Raiva , Brazil (South America), Brazil ,South America,3,2022-06-01
181, Hospital Infection , Brazil (South America), Brazil ,South America,1,2022-06-01
182, Influenza , Madhya Pradesh (Asia), Madhya Pradesh ,Asia,1,2022-06-01
183, African swine fever , India (Asia), India ,Asia,13,2022-06-01
184, Foodborne illness , Gujarat (Asia), Gujarat ,Asia,17,2022-06-01
185, Leishmaniasis , Cuba (North America), Cuba ,North America,1,2022-06-01
186,  Argentine Hemograpphic Fever , Argentina (South America), Argentina ,South America,1,2022-06-01
187, Legionelosis , New York (North America), New York ,North America,1,2022-06-01
188, Monkeypox , Nigeria (Africa), Nigeria ,Africa,9,2022-06-01
189, Chronic wasting disease , North Carolina (North America), North Carolina ,North America,1,2022-06-02
190, Equine influenza , New York (North America), New York ,North America,3,2022-06-02
191, Strangles , Florida (North America), Florida ,North America,5,2022-06-02
192, Foot & mouth disease , Algeria (Africa), Algeria ,Africa,3,2022-06-02
193, Surveillance , Iran (Asia), Iran ,Asia,61,2022-06-02
194, African swine fever , China (Asia), China ,Asia,34,2022-06-02
195, Equine herpesvirus , USA (North America) , USA ,North America,8,2022-06-02
196, African swine fever , Manipur (Asia), Manipur ,Asia,14,2022-06-02
197, Rabies , Cape Verde (Africa), Cape Verde ,Africa,4,2022-06-02
198, Undiagnosed die-off , England (Europe), England ,Europe,1,2022-06-02
199, Hepatitis , Global,#VALUE!,#VALUE!,19,2022-06-02
200, Crimeia-Congo Hemorrhagic Fever , Iraq (Asia), Iraq ,Asia,1,2022-06-03
201, Avian influenza , Israel (Asia), Israel ,Asia,132,2022-06-03
202, Hepatitis infantil , Global,#VALUE!,#VALUE!,13,2022-06-03
203, Human Ravia ,  Brazil (South America),  Brazil ,South America,1,2022-06-03
204, Monkeypox , Morocco(Europe), Morocco,Europe,3,2022-06-03
205, African swine fever , Vietnam (Asia), Vietnam ,Asia,35,2022-06-03
206,  Leptospirosis , Philippines (Asia), Philippines ,Asia,3,2022-06-03
207, Barley yellow dwarf , Ireland (Europe), Ireland ,Europe,1,2022-06-03
208, Rocky Mountain spotted fever , Mexico (North America), Mexico ,North America,1,2022-06-03
209, Banana Freckle , Australia (Australia), Australia ,Australia,1,2022-06-03
210, Poliomyelitis , Pakistan (Asia), Pakistan ,Asia,5,2022-06-03
211, Waterborne diseases , Gujarat (Asia), Gujarat ,Asia,1,2022-06-03
212, Poliomyelitis , Pakistan (Asia), Pakistan ,Asia,23,2022-06-03
213, Acute Hepatitis , Austria (Europe), Austria ,Europe,4,2022-06-03
214,Monkeypox , Morocco (Africa), Morocco ,Africa,1,2022-06-04
215, Measles , Yemen (Asia), Yemen ,Asia,2,2022-06-04
216, Surveillance , China (Asia), China ,Asia,65,2022-06-04
217, Surveillance , USA (North America), USA ,North America,64,2022-06-04
218, Avian influenza , Iraq (Asia), Iraq ,Asia,133,2022-06-04
219, Monkeypox , Global,#VALUE!,#VALUE!,9,2022-06-04
220, Monkeypox , USA (North America), USA ,North America,10,2022-06-05
221, Rickettsiosis , Mexico (North America), Mexico ,North America,1,2022-06-05
222, Legionellosis , USA (North America), USA ,North America,7,2022-06-05
223, Dengue , Singapore (Asia), Singapore ,Asia,2,2022-06-05
224, Feline infectious peritonitis , Turkey (Asia), Turkey ,Asia,1,2022-06-05
225, Carbapenem-resistant Enterobacterales , China (Asia), China ,Asia,8,2022-06-05
226, Avian influenza , Iraq (Asia), Iraq ,Asia,7,2022-06-05
227, Rift Valley fever ,  Burundi (Africa),  Burundi ,Africa,3,2022-06-05
228, Foodborne illness , Libya (Asia), Libya ,Asia,1,2022-06-05
229, Monkeypox , Brazil (South America), Brazil ,South America,1,2022-06-05
230, Poliomyelitis , Pakistan (Asia), Pakistan ,Asia,24,2022-06-05
231, Tularemia , USA (North America), USA ,North America,2,2022-06-05
232, Campylobacteriosis , Japan (Asia), Japan ,Asia,1,2022-06-05
233, Botulism , Kyrgyzstan (Asia), Kyrgyzstan ,Asia,1,2022-06-05
234, Norovirus , Canada (North America), Canada ,North America,3,2022-06-05
235, Anthrax , Uganda (Africa), Uganda ,Africa,1,2022-06-05
236, Monkeypox , Nigeria (Africa), Nigeria ,Africa,5,2022-06-05
237, Clostridioides , Brazil (South America), Brazil ,South America,1,2022-06-05
238, Monkeypox , Global,#VALUE!,#VALUE!,11,2022-06-06
239, Avian influenza , USA (North America), USA ,North America,134,2022-06-06
240, Plague pneumonic , Democratic Republic of Congo (Africa), Democratic Republic of Congo ,Africa,5,2022-06-06
241, Dengue , Sri Lanka (Asia), Sri Lanka ,Asia,8,2022-06-06
242, Dengue , Bangladesh (Asia), Bangladesh ,Asia,4,2022-06-06
243, Varicella , Madhya Pradesh (Asia), Madhya Pradesh ,Asia,3,2022-06-06
244, Bovine tuberculosis , USA (North America), USA ,North America,4,2022-06-06
245, Japanese encephalitis, India (Asia), India ,Asia,5,2022-06-06
246, Cholera , South Sudan (Africa), South Sudan ,Africa,2,2022-06-06
247, Plague pneumonic , Democratic Republic of Congo (Africa), Democratic Republic of Congo ,Africa,6,2022-06-06
248, Rift Valley fever , Burundi (Africa), Burundi ,Africa,4,2022-06-07
249, Rickettsiosis , Mexico (North America), Mexico ,North America,2,2022-06-07
250," Cholera, diarrhea & dysentery update ", Ukraine (Europe), Ukraine ,Europe,20,2022-06-07
251, Lyme disease , Canada (North America), Canada ,North America,1,2022-06-07
252, Scrub typhus , Nepal (Asia), Nepal ,Asia,1,2022-06-07
253," QX, rock oyster ", New South Wales (Australia), New South Wales ,Australia,2,2022-06-07
254, Monkeypox , Global,#VALUE!,#VALUE!,10,2022-06-07
255, Dengue ,Tamil Nadu (Asia),Tamil Nadu ,Asia,13,2022-06-07
256, Poliomyelitis , Pakistan (Asia), Pakistan ,Asia,6,2022-06-07
257, Foodborne illness , Maharashtra (Asia), Maharashtra ,Asia,18,2022-06-07
258, Shigellosis , Americas,#VALUE!,#VALUE!,1,2022-06-08
259, Shigellosis , Americas,#VALUE!,#VALUE!,2,2022-06-08
260, Diarrhea , Pakistan (Asia), Pakistan ,Asia,3,2022-06-08
261, Hemorrhagic septicemia , Cambodia (Asia), Cambodia ,Asia,1,2022-06-08
262, Tick-borne encephalitis , Kyrgyzstan (Asia), Kyrgyzstan ,Asia,1,2022-06-08
263, Measles , Gauteng (Africa), Gauteng ,Africa,1,2022-06-08
264, Avian influenza , Guinea (Africa), Guinea ,Africa,135,2022-06-08
265,Rougeole , Democratic Republic of Congo (Africa), Democratic Republic of Congo ,Africa,5,2022-06-08
266, Avian influenza , Taiwan (Asia), Taiwan ,Asia,28,2022-06-08
267, Powassan virus encephalitis , USA (North America), USA ,North America,5,2022-06-09
268, Rabies , Zimbabwe (Africa), Zimbabwe ,Africa,23,2022-06-09
269, Foodborne Illness , Jordan (Asia), Jordan ,Asia,2,2022-06-09
270, Monkeypox , UAE (Asia), UAE ,Asia,4,2022-06-09
271, Hemorrhagic septicemia , Cambodia (Asia), Cambodia ,Asia,1,2022-06-09
272, African swine fever, Philippines (Asia), Philippines ,Asia,36,2022-06-09
273, Japanese encephalitis , Australia (Australia), Australia ,Australia,27,2022-06-09
274," Southern rust, maize ", Florida (North America), Florida ,North America,1,2022-06-09
275, Foot & mouth disease , Tunisia (Africa), Tunisia ,Africa,4,2022-06-09
276, Crimean-Congo hemorrhagic fever , Ieaq (Asia), Ieaq ,Asia,12,2022-06-09
277, Rhinotracheitis , Kazakhstan (Asia), Kazakhstan ,Asia,1,2022-06-09
278, Avian influenza , Taiwan (Asia), Taiwan ,Asia,236,2022-06-09
279, African swine fever , China (Asia), China ,Asia,10,2022-06-09
280, Monkeypox , Brazil (South America), Brazil ,South America,2,2022-06-10
281, Monkeypox , Brazil (South America), Brazil ,South America,3,2022-06-10
282, Scrub typhus , Kerala (Asia), Kerala ,Asia,2,2022-06-10
283, Shigellosis , Kerala (Asia), Kerala ,Asia,1,2022-06-10
284, Tuberculosis ,  Nigeria (Africa),  Nigeria ,Africa,2,2022-06-10
285, Monkeypox , Uganda (Africa), Uganda ,Africa,1,2022-06-10
286, Foodborne illness , Algeria (Africa), Algeria ,Africa,1,2022-06-10
287,  Tomato brown rugose fruit virus , UK (Europe), UK ,Europe,1,2022-06-10
288, Anisakiasis , Japan (Asia), Japan ,Asia,2,2022-06-10
289, Listeriosis , Denmark (Europe), Denmark ,Europe,1,2022-06-10
290," Meningitis, meningococcal ", Nigeria (Africa), Nigeria ,Africa,2,2022-06-10
291, Monkeypox , Brazil (South America), Brazil ,South America,12,2022-06-10
292, Monkeypox , Global,#VALUE!,#VALUE!,11,2022-06-10
293, White nose syndrome , USA (North America, USA ,#VALUE!,2,2022-06-10
294, Avian influenza , Croatia (Europe), Croatia ,Europe,137,2022-06-11
295, Foot & mouth disease , China (Asia), China ,Asia,1,2022-06-11
296, Surveillance , China (Asia), China ,Asia,65,2022-06-11
297, Monkeypox ,  Argentina (South America) ,  Argentina ,South America,13,2022-06-11
298, Monkeypox , Nigeria (Africa ), Nigeria ,Africa ,8,2022-06-11
299, Crimean-Congo hemorrhagic fever , Iraq (Asia), Iraq ,Asia,14,2022-06-11
300, Brucellosis , Israel (Asia), Israel ,Asia,1,2022-06-11
301," Meningitis, meningococcal ", Nigeria (Africa), Nigeria ,Africa,1,2022-06-11
302, Argentine Haemorrhagic Fever , Argentina (South America), Argentina ,South America,1,2022-06-12
303, Feline infectious peritonitis , Turkey (Asia), Turkey ,Asia,2,2022-06-12
304, Poliomyelitis , Pakistan (Asia), Pakistan ,Asia,25,2022-06-12
305,Meningitis ,  Nigeria (Africa),  Nigeria ,Africa,1,2022-06-12
306,Cholera , Benin (Africa), Benin ,Africa,2,2022-06-12
307, Anthrax , Kenya (Africa), Kenya ,Africa,1,2022-06-12
308, Measles , Yemen (Asia), Yemen ,Asia,3,2022-06-12
309, Dengue , Sri Lanka (Asia), Sri Lanka ,Asia,9,2022-06-12
310, Foot & mouth disease , Indonesia (Asia), Indonesia ,Asia,8,2022-06-13
311, Monkeypox , Africa (Africa), Africa ,Africa,9,2022-06-13
312, Monkeypox , Brazil (South America), Brazil ,South America,4,2022-06-13
313, Poliomielite , Americas,#VALUE!,#VALUE!,1,2022-06-13
314, Diarrhea , Iraq (Asia), Iraq ,Asia,2,2022-06-13
315, Monkeypox , Venezuela (South America), Venezuela ,South America,14,2022-06-13
316, Pseudorabies - Aujeszky's disease , Germany (Europe), Germany ,Europe,1,2022-06-13
317,Monkeypox , Ghana (Africa), Ghana ,Africa,1,2022-06-13
318, Monkeypox , Global,#VALUE!,#VALUE!,12,2022-06-13
319, Borna virus , Germany (Europe), Germany ,Europe,1,2022-06-14
320, Brucellosis , Israel (Asia), Israel ,Asia,1,2022-06-14
321, Monkeypox , Malawi (Africa ) , Malawi ,Africa ,10,2022-06-14
322, Foodborne illness ,  Egypt (Asia),  Egypt ,Asia,3,2022-06-14
323, Lumpy skin disease , Pakistan (Asia), Pakistan ,Asia,5,2022-06-14
324, Hepatitis , Global,#VALUE!,#VALUE!,20,2022-06-14
325, Salmonellosis , USA (North America), USA ,North America,4,2022-06-14
326, Cholera , Kenya (Africa), Kenya ,Africa,1,2022-06-14
327, Foot & mouth disease , China (Asia), China ,Asia,1,2022-06-14
328, African swine fever , Philipines (Asia), Philipines ,Asia,37,2022-06-14
329, Japanese encephalitis , Philippines (Asia) , Philippines ,Asia,1,2022-06-14
330, Tuberculosis , Morocco (Africa), Morocco ,Africa,1,2022-06-14
331, Sandstorm exposure , Iraq (Asia), Iraq ,Asia,3,2022-06-14
332, Rabies , Canada (North America), Canada ,North America,24,2022-06-15
333, Avian influenza , Vietnam (Asia), Vietnam ,Asia,29,2022-06-15
334, Red leather leaf , Australia (Australia), Australia ,Australia,1,2022-06-15
335, Surveillance , South Korea (Asia), South Korea ,Asia,66,2022-06-15
336, Brucellosis , Jordan (Asia), Jordan ,Asia,1,2022-06-15
337, Hepatitis A ,Lebanon (Asia),Lebanon ,Asia,1,2022-06-15
338, Scrub typhus , Kerala (Asia), Kerala ,Asia,3,2022-06-15
339, Cholera , Iraq (Asia), Iraq ,Asia,1,2022-06-15
340, Avian influenza , Bulgaria (Europe), Bulgaria ,Europe,138,2022-06-15
341, Hepatitis , Global,#VALUE!,#VALUE!,21,2022-06-15
342, Hepatitis A , Lebanon (Asia) , Lebanon ,Asia,1,2022-06-15
343, Surveillance , Russia (Asia), Russia ,Asia,67,2022-06-15
344, Monkeypox , Brazil (South America), Brazil ,South America,5,2022-06-16
345, Dengue , Vietnam (Asia), Vietnam ,Asia,1,2022-06-16
346, Monkeypox , Brazil (South America), Brazil ,South America,15,2022-06-16
347, Theileria , Tennessee (North America), Tennessee ,North America,1,2022-06-16
348," Cholera, Diarrhea & Dysentery "," Africa, Asia (Africa, Asia)"," Africa, Asia ","Africa, Asia",21,2022-06-16
349,Avian Influenza , Germany (Europe), Germany ,Europe,1,2022-06-16
350,Avian Influenza , Ghana (Africa), Ghana ,Africa,6,2022-06-16
351,Avian Influenza , Guinea (Oceania), Guinea ,Oceania,1,2022-06-16
352, African Swine Fever , Germany (Europe), Germany ,Europe,16,2022-06-16
353, Antimicrobial Stewardship , Ireland (Europe), Ireland ,Europe,54,2022-06-16
354, Avian Influenza , Canada (North America), Canada ,North America,139,2022-06-16
355, Acute Respiratory Infections , Argentina (South America), Argentina ,South America,1,2022-06-16
356, Monkeypox , Global,#VALUE!,#VALUE!,13,2022-06-16
357, Measles , South Sudan (Africa), South Sudan ,Africa,2,2022-06-16
358, Monkeypox , Nigeria (Africa), Nigeria ,Africa,4,2022-06-16
359, Crimean-Congo Hemorrhagic Fever , Iraq (Asia), Iraq ,Asia,15,2022-06-16
360, Foot & Mouth Disease , Indonesia (Asia), Indonesia ,Asia,6,2022-06-17
361, Brucellosis , Jordan (Asia), Jordan ,Asia,1,2022-06-17
362, Primary Pneumonic , America (North America), America ,North America,1,2022-06-17
363, Poliomyelitis , Pakistan (Asia), Pakistan ,Asia,7,2022-06-17
364, Diarrhea , Bangladesh (Asia), Bangladesh ,Asia,5,2022-06-17
365, Gastroenteritis , North Korea (Asia), North Korea ,Asia,1,2022-06-17
366," Leishmaniasis, visceral  ", Sudan (Asia), Sudan ,Asia,2,2022-06-17
367, Trichinosis , Argentina (Europe), Argentina ,Europe,1,2022-06-17
368, Trichinosis , Argentina (Europe), Argentina ,Europe,2,2022-06-17
369, Dengue , Brazil (South America), Brazil ,South America,18,2022-06-17
370, Monkeypox , Portugal (Europe), Portugal ,Europe,3,2022-06-17
371, Equine Influenza , Finland (Europe), Finland ,Europe,1,2022-06-18
372, Monkeypox , Chile (Europe), Chile ,Europe,16,2022-06-18
373, Measles , Afghanistan (Asia), Afghanistan ,Asia,13,2022-06-18
374, Leptospirosis , England (Europe), England ,Europe,1,2022-06-18
375, Antimicrobial Development , India (Asia), India ,Asia,5,2022-06-18
376, African Swine Fever , Russia (Europe), Russia ,Europe,17,2022-06-18
377," Hand, Foot & Mouth Disease ", Malaysia (Asia), Malaysia ,Asia,4,2022-06-18
378, Foot & Mouth Disease , Indonesia (Asia), Indonesia ,Asia,9,2022-06-18
379, Monkeypox , Global,#VALUE!,#VALUE!,14,2022-06-18
380, Hepatitis , Global,#VALUE!,#VALUE!,22,2022-06-18
381, Foot & Mouth Disease , Indonesia (Asia), Indonesia ,Asia,7,2022-06-19
382, Hepatitis C , Mexico (North America), Mexico ,North America,1,2022-06-19
383, Crimean-Congo Hemorrhagic Fever , Russia (Asia):, Russia ,Asia,6,2022-06-19
384, Hepatitis A , Lebanon (Asia), Lebanon ,Asia,2,2022-06-19
385," Cholera, Diarrhea & Dysentery ", Iraq (asia), Iraq ,asia,22,2022-06-19
386, Leptospirosis , New South Wales (Australia), New South Wales ,Australia,2,2022-06-19
387, Botulism , Ukraine (Africa), Ukraine ,Africa,2,2022-06-19
388,Monkeypox , Nigeria (Africa), Nigeria ,Africa,4,2022-06-19
389, Severe Fever with Thrombocytopenia Syndrome , Japan (Asia), Japan ,Asia,1,2022-06-19
390, Monkeypox , Nigeria (Africa), Nigeria ,Africa,11,2022-06-19
391, Antimicrobial Awareness , Tanzania (Africa), Tanzania ,Africa,11,2022-06-19
392, Cholera , Iraq (Asia), Iraq ,Asia,2,2022-06-19
393, Cholera , Pakistan (Asia), Pakistan ,Asia,4,2022-06-19
394, Classical Swine Fever , Nepal (Asia), Nepal ,Asia,1,2022-06-19
395, Lumpy skin disease , Afghanistan (Asia), Afghanistan ,Asia,9,2022-06-20
396, Monkeypox , Brazil (South America), Brazil ,South America,6,2022-06-20
397, Typhoid Fever , Democratic Republic of Congo (Africa), Democratic Republic of Congo ,Africa,3,2022-06-20
398, Monkeypox , Ghana (Africa), Ghana ,Africa,1,2022-06-20
399, Lyme disease , Global,#VALUE!,#VALUE!,1,2022-06-20
400, Crimean-Congo Hemorrhagic Fever , Iraq (Asia), Iraq ,Asia,16,2022-06-20
401, Anthrax , Italy (Europe), Italy ,Europe,1,2022-06-20
402, Antimicrobial Stewardship , Italy (Europe), Italy ,Europe,55,2022-06-20
403, Antimicrobial overuse , USA (North America), USA ,North America,3,2022-06-20
404, Cholera , Somalia (Africa), Somalia ,Africa,1,2022-06-20
405, Monkeypox , Lebanon (Asia), Lebanon ,Asia,5,2022-06-20
406, Anthrax , Ethiopia (Africa), Ethiopia ,Africa,1,2022-06-20
407, Avian influenza , USA (North America), USA ,North America,139,2022-06-21
408, Avian influenza , USA (North America), USA ,North America,140,2022-06-21
409, Leptospirosis , Indonesia (Asia), Indonesia ,Asia,1,2022-06-21
410, Hantavirus , Russia (Europe), Russia ,Europe,1,2022-06-21
411, Antimicrobial Environmental Contamination , West Bengal (Asia), West Bengal ,Asia,18,2022-06-21
412, Dengue , Punjab (Asia), Punjab ,Asia,14,2022-06-21
413, Foot & mouth disease , Arunachal Pradesh (Asia), Arunachal Pradesh ,Asia,2,2022-06-21
414, Vector borne diseases , India (Asia), India ,Asia,14,2022-06-21
415, Lumpy skin disease  , Afghanistan (Asia), Afghanistan ,Asia,1,2022-06-21
416, Dengue , Bangladesh (Asia), Bangladesh ,Asia,5,2022-06-21
417,Lassa Virus , Nigeria (Africa), Nigeria ,Africa,16,2022-06-21
418, Diphtheria , Syria (Asia), Syria ,Asia,1,2022-06-21
419, Monkeypox , Chile (Europe), Chile ,Europe,17,2022-06-22
420, Xylella , UK (Europe), UK ,Europe,1,2022-06-22
421, Monkeypox , Global,#VALUE!,#VALUE!,15,2022-06-22
422, Japanese Encephalitis , Taiwan (Asia), Taiwan ,Asia,1,2022-06-22
423, Severe Fever Thrombocytopenia , China (Asia), China ,Asia,1,2022-06-22
424, African Swine Fever , Philippines (Asia), Philippines ,Asia,38,2022-06-22
425, Monkeypox , Singapore (Asia), Singapore ,Asia,1,2022-06-22
426, Scabies , Uganda (Africa), Uganda ,Africa,1,2022-06-22
427," Meningitis, meningococcal ", Nigeria (Africa), Nigeria ,Africa,3,2022-06-22
428, Malaria , Kenya (Africa), Kenya ,Africa,2,2022-06-22
429, Sulfur dioxide poisoning , Chile (South America), Chile ,South America,1,2022-06-22
430, Mycoplasma Bovis , New Zealand (Oceania) , New Zealand ,Oceania,1,2022-06-22
431, Monkeypox , Kuwait (Asia), Kuwait ,Asia,6,2022-06-22
432, Brucellosis , Algeria (Africa), Algeria ,Africa,1,2022-06-22
433, Poliomyelitis , London (Europe), London ,Europe,26,2022-06-22
434, Vibrio Cholerae , Spain (Europe), Spain ,Europe,1,2022-06-23
435, Undiagnosed deaths , Manipur (Asia), Manipur ,Asia,1,2022-06-23
436, Rabies , Caribbean (South America), Caribbean ,South America,25,2022-06-23
437, Anthrax , Russia (Asia), Russia ,Asia,2,2022-06-23
438, Anthrax , Mongolia (Asia), Mongolia ,Asia,1,2022-06-23
439, Rift Valley Fever , Burundi (Africa), Burundi ,Africa,5,2022-06-23
440, Strangles , Michigan (North America), Michigan ,North America,6,2022-06-23
441, Avian Influenza , Canada (North America), Canada ,North America,141,2022-06-23
442, African Swine Fever , Ukraine (Europe), Ukraine ,Europe,18,2022-06-23
443, Japanese Encephalitis ,  Queensland (Australia),  Queensland ,Australia,28,2022-06-23
444, Legionellosis , New York (North America) , New York ,North America,8,2022-06-23
445, Bovine tuberculosis , San Diego (Africa), San Diego ,Africa,1,2022-06-23
446, Varicella , Karnataka (Asia), Karnataka ,Asia,4,2022-06-23
447, Diarrhea , Punjab (Asia), Punjab ,Asia,5,2022-06-23
448, Anthrax , Ethiopia (Africa), Ethiopia ,Africa,1,2022-06-23
449,Scorpion stings , Algeria (South America), Algeria ,South America,2,2022-06-23
450,Measles , Democratic Republic of Congo (Africa), Democratic Republic of Congo ,Africa,6,2022-06-23
451,Monkeypox , Nigeria (Africa), Nigeria ,Africa,5,2022-06-23
452, Monkeypox , Argentina (South America), Argentina ,South America,17,2022-06-23
453, Meningococo , USA (North America), USA ,North America,1,2022-06-23
454, Foot & mouth disease , Egypt (Asia), Egypt ,Asia,1,2022-06-24
455, Hepatitis , Global,#VALUE!,#VALUE!,23,2022-06-24
456, Avian influenza , Western Cape (Africa), Western Cape ,Africa,142,2022-06-24
457, Avian influenza , Global,#VALUE!,#VALUE!,143,2022-06-24
458, Meningitis , Florida (North America), Florida ,North America,6,2022-06-24
459, Foot & mouth disease , England (Europe), England ,Europe,1,2022-06-24
460, Cholera , Iraq (Asia), Iraq ,Asia,3,2022-06-24
461, Crimean-Congo Hemorrhagic Fever , Iraq (Asia), Iraq ,Asia,17,2022-06-24
462, Foot & mouth disease , England (Europe), England ,Europe,2,2022-06-24
463, Monkeypox , Chile (South America), Chile ,South America,18,2022-06-25
464, Poliomyelitis , Pakistan (Asia), Pakistan ,Asia,27,2022-06-25
465, Monkeypox , Global,#VALUE!,#VALUE!,17,2022-06-25
466, Contagious Bovine pleuropneumonia , Namibia (Africa), Namibia ,Africa,2,2022-06-25
467, Foot & mouth disease , Indonesia (Asia), Indonesia ,Asia,10,2022-06-25
468, Feline Panleukopenia , Western Cape (Africa), Western Cape ,Africa,1,2022-06-25
469, Poliomyelitis , Pakistan (Asia), Pakistan ,Asia,28,2022-06-25
470, Dengue , Sri Lanka (Asia), Sri Lanka ,Asia,10,2022-06-25
471, Cholera , Nepal (Asia), Nepal ,Asia,1,2022-06-25
472, Foot & mouth disease , Indonesia (Asia), Indonesia ,Asia,8,2022-06-26
473, Monkeypox , Brazil (South America), Brazil ,South America,19,2022-06-26
474, Antimicrobial stewardship , India (Asia), India ,Asia,56,2022-06-26
475, Dengue , Bangladesh (Asia), Bangladesh ,Asia,6,2022-06-26
476, Poliomyelitis , Pakistan (Asia), Pakistan ,Asia,8,2022-06-26
477, Listeriosis , Denmark (Europe), Denmark ,Europe,2,2022-06-26
478, Plague , Democratic Republic of Congo (Africa), Democratic Republic of Congo ,Africa,6,2022-06-26
479, Foodborne illness , Libya (Africa), Libya ,Africa,1,2022-06-26
480, Hepatitis , Mexico (North America), Mexico ,North America,14,2022-06-26
481, Avian influenza , Cape Verda (Africa), Cape Verda ,Africa,1,2022-06-27
482, Antimicrobial stewardship , China (Asia), China ,Asia,57,2022-06-27
483," Cholera, diarrhea & dysentery "," Africa, Asia, Europe (Africa, Asia, Europe)"," Africa, Asia, Europe ","Africa, Asia, Europe",23,2022-06-27
484, Foot & mouth disease ,  England (Europe),  England ,Europe,3,2022-06-27
485, Vibrio vulnificus , Florida (USA), Florida ,USA,13,2022-06-27
486, Monkeypox , Global,#VALUE!,#VALUE!,18,2022-06-27
487, Varroa mite , New South Wales (Australia), New South Wales ,Australia,1,2022-06-27
488, Poliomyelitis , Mozambique (Africa), Mozambique ,Africa,9,2022-06-27
489, Antimicrobial stewardship , Egypt (Asia), Egypt ,Asia,58,2022-06-27
490, Foot & mouth disease , Egypt (Asia), Egypt ,Asia,1,2022-06-27
491, Poliomyelitis , Mozambique (Africa), Mozambique ,Africa,3,2022-06-28
492, Hemorrhagic Fever , Argentina (South America), Argentina ,South America,1,2022-06-28
493, Hepatitis, Global,#VALUE!,#VALUE!,24,2022-06-28
494," Cholera, diarrhea & dysentery ", Afghanistan (Asia), Afghanistan ,Asia,24,2022-06-28
495, Monkeypox , Peru (South America), Peru ,South America,20,2022-06-28
496, Avian influenza , Nepal (Asia), Nepal ,Asia,15,2022-06-28
497, Vector borne diseases , Maharashtra (Asia), Maharashtra ,Asia,15,2022-06-28
498, African swine fever , India (Asia), India ,Asia,11,2022-06-28
